date,id,downloadCount,reviewCount,averageRating,compatibleDeviceTypeIds,latestExternalVersion,price,rankInstinct3Solar45,rankInstinct2
2026-10-04,ad04d1e1-8e30-45cb-bbd6-82374f77b116,1,0,0,96,1.0.1,2.49 EUR
2026-10-05,54bbf625-82af-4715-8af0-f2f16a5d1377,1,0,0,97,1.3.1,2.99 EUR,none,
2026-10-05,ad04d1e1-8e30-45cb-bbd6-82374f77b116,1,0,0,100,1.1.0,2.99 EUR,none,
2026-10-05,95adf037-3bf8-423c-b939-e9921da1b4d4,0,0,0,103,1.1.0,2.99 EUR,none,
2026-10-05,9d4bca45-d79a-4f26-abf5-04e0519cf10b,0,0,0,92,1.1.0,2.99 EUR,none,
2026-10-05,9e641dce-3838-4613-a129-55faeb761193,0,0,0,93,1.0.0,0,118,
2026-10-05,b6373747-2569-4a55-86ca-c42914c571fe,0,0,0,92,1.0.0,2.99 EUR,117,
2026-10-09,54bbf625-82af-4715-8af0-f2f16a5d1377,1,0,0,102,1.4.0,2.99 EUR,none,
2026-10-09,ad04d1e1-8e30-45cb-bbd6-82374f77b116,1,0,0,103,1.2.0,2.99 EUR,none,
2026-10-09,95adf037-3bf8-423c-b939-e9921da1b4d4,0,0,0,103,1.2.0,2.99 EUR,none,
2026-10-09,9d4bca45-d79a-4f26-abf5-04e0519cf10b,0,0,0,92,1.2.0,2.99 EUR,none,
2026-10-09,9e641dce-3838-4613-a129-55faeb761193,10,0,0,93,1.1.0,0,none,
2026-10-09,b6373747-2569-4a55-86ca-c42914c571fe,1,0,0,92,1.1.0,2.99 EUR,none,
