place	lat	lon	local_utc_offset_h	local_date	usno_rise	usno_set	usno_solar_noon	usno_civil_begin	usno_civil_end	noaa_rise	noaa_set	noaa_noon	noaa_civil_begin	noaa_civil_end	d_rise_min	d_set_min	d_civil_begin	d_civil_end	note
London BST	51.5	-0.12	1	2026-09-27	06:55	18:47	12:51	06:21	19:21	06:55	18:48	12:51	06:22	19:21	0	1	1	0	
London GMT	51.5	-0.12	0	2026-12-21	08:04	15:53	11:59	07:23	16:34	08:04	15:53	11:59	07:23	16:34	0	0	0	0	
London BST solstice	51.5	-0.12	1	2026-06-21	04:43	21:21	13:02	03:55	22:09	04:43	21:21	13:02	03:55	22:09	0	0	0	0	
London DST start day	51.5	-0.12	1	2026-03-29	06:43	19:29	13:05	06:09	20:02	06:42	19:28	13:05	06:09	20:02	-1	-1	0	0	
London DST end day	51.5	-0.12	0	2026-10-25	06:42	16:47	11:45	06:07	17:21	06:42	16:47	11:45	06:07	17:22	0	0	0	1	
Dubai UTC+4	25.2	55.27	4	2026-09-27	06:09	18:10	12:10	05:47	18:33	06:09	18:10	12:10	05:47	18:33	0	0	0	0	
Dubai UTC+4 winter	25.2	55.27	4	2026-12-21	07:00	17:34	12:17	06:35	17:59	07:00	17:34	12:17	06:35	17:59	0	0	0	0	
Honolulu UTC-10 no DST	21.3	-157.86	-10	2026-09-27	06:22	18:23	12:22	05:59	18:45	06:22	18:23	12:22	06:00	18:45	0	0	1	0	
Honolulu June	21.3	-157.86	-10	2026-06-21	05:50	19:16	12:33	05:26	19:41	05:50	19:16	12:33	05:26	19:41	0	0	0	0	
Sydney AEST	-33.87	151.2	10	2026-09-27	05:38	17:55	11:46	05:13	18:20	05:38	17:55	11:46	05:13	18:20	0	0	0	0	
Sydney AEDT	-33.87	151.2	11	2026-12-21	05:41	20:05	12:53	05:11	20:35	05:41	20:05	12:53	05:12	20:34	0	0	1	-1	
Kathmandu UTC+5:45	27.7	85.32	5.75	2026-09-27	05:54	17:55	11:55	05:31	18:18	05:55	17:55	11:55	05:31	18:18	1	0	0	0	
Auckland NZST	-36.85	174.76	12	2026-06-21	07:34	17:12	12:23	07:05	17:41	07:34	17:12	12:23	07:05	17:41	0	0	0	0	
New York EDT	40.71	-74.0	-4	2026-09-27	06:49	18:45	12:47	06:21	19:12	06:49	18:45	12:47	06:22	19:12	0	0	1	0	
New York DST start day	40.71	-74.0	-4	2026-03-08	07:19	18:55	13:07	06:52	19:22	07:19	18:55	13:07	06:51	19:22	0	0	-1	0	
Denver MST	39.74	-104.99	-7	2026-12-21	07:18	16:39	11:58	06:47	17:09	07:18	16:39	11:58	06:47	17:09	0	0	0	0	
Reykjavik UTC+0	64.15	-21.94	0	2026-06-21	02:55	00:04	13:30			02:55	00:04	13:30	--	--	0	0			sunset after local midnight (USNO 00:04 next day); difference is the day wrap
Reykjavik winter	64.15	-21.94	0	2026-12-21	11:22	15:29	13:26	10:03	16:49	11:22	15:29	13:26	10:03	16:49	0	0	0	0	
Tromso polar night	69.6496	18.956	1	2026-12-21				09:31	13:53	--	--	11:42	09:31	13:53			0	0	no rise or set this day (polar)
Tromso midnight sun	69.6496	18.956	2	2026-06-21			12:46			--	--	12:46	--	--					no rise or set this day (polar)
Tromso sun returns	69.6496	18.956	1	2027-01-21	10:30	13:21	11:55	08:40	15:12	10:30	13:21	11:55	08:39	15:11	0	0	-1	-1	
Tromso sun returns -1	69.6496	18.956	1	2027-01-20	10:38	13:13	11:55	08:43	15:08	10:37	13:13	11:55	08:43	15:08	-1	0	0	0	
Tromso midnight sun starts	69.6496	18.956	2	2026-05-18	00:53	00:28	12:41			--	--	12:41	--	--					transition day: USNO has events, calc says none
Tromso midnight sun starts +1	69.6496	18.956	2	2026-05-19			12:41			--	--	12:41	--	--					no rise or set this day (polar)
Tromso equinox	69.6496	18.956	2	2026-09-23	06:28	18:43	12:37	05:27	19:43	06:29	18:44	12:37	05:28	19:45	1	1	1	2	
Ushuaia	-54.8	-68.3	-3	2026-12-21	04:51	22:11	13:31	03:54	23:09	04:52	22:11	13:31	03:54	23:09	1	0	0	0	
Singapore equator	1.35	103.82	8	2026-03-20	07:09	19:15	13:12	06:48	19:36	07:09	19:16	13:12	06:48	19:36	0	1	0	0	
